{
	"debug": {
		"enabled": false,
		"languageToDebug": "jp"
	},
	"en": {
		"Bought": "Bought",
		"ItemValue": "Item value",
		"lv": "lv.",
		"at": "@",
		"Traded": "Traded",
		"Armorclass": "Armor class",
		"Effectivedurability": "Effective durability",
		"Max": "Max.",
		"Repairdegradation": "Repair degradation",
		"Slotefficiency": "Slot efficiency",
		"Fleaprice": "Flea price",
		"Valuation1": "",
		"Valuation2": "'s valuation",
		"Found": "Found",
		"Tool": "Tool",
		"Part": "Part",
		"Need": "Need",
		"Crafted": "Crafted",
		"Spawnchance": "Spawn chance",
		"peritem": "per item",
		"AmbientVolume": "Ambient Volume",
		"Compressor": "Compressor",
		"Gain": "Gain",
		"Treshold": "Treshold",
		"Boost": "Boost",
		"ResonanceFilter": "Resonance & Filter",
		"Distortion": "Distortion",
		"COMMON": "Common",
		"RARE": "Rare",
		"EPIC": "Epic",
		"LEGENDARY": "Legendary",
		"UBER": "Uber",
		"UNOBTAINIUM": "Extraordinary",
		"OVERPOWERED": "Overpowered",
		"CUSTOM": "Custom",
		"UNKNOWN": "Unknown",
		"BANNED": "BANNED",
		"AsPartOf": "as part of"
	},
	"ru": {
		"Bought": "Продает",
		"lv": "ур.",
		"ItemValue": "Ценность предмета",
		"Traded": "Меняет",
		"Fleaprice": "Цена на барахолке",
		"Valuation1": "",
		"Valuation2": " купит за",
		"Found": "Требуется",
		"Crafted": "Изготовляется",
		"peritem": "за предмет",
		"Need": "Необходим",
		"Part": "Часть",
		"Tool": "Инструмент",
		"Armorclass": "Класс брони",
		"Spawnchance": "Шанс спауна",
		"Effectivedurability": "Фактическая прочность",
		"Max": "Макс.",
		"Repairdegradation": "Деградация при ремонте",
		"Slotefficiency": "Эффективность слотов",
		"AmbientVolume": "Громкость окружения",
		"Compressor": "Компрессор",
		"Gain": "Громкость",
		"Treshold": "Порог",
		"Boost": "Усиление",
		"ResonanceFilter": "Резонанс & Фильтр",
		"Distortion": "Дисторшн",
		"COMMON": "Обычный",
		"RARE": "Редкий",
		"EPIC": "Эпичный",
		"LEGENDARY": "Легендарный",
		"UBER": "Убер",
		"UNOBTAINIUM": "Редчайший",
		"OVERPOWERED": "Запредельный",
		"CUSTOM": "Настраиваемый",
		"UNKNOWN": "Неизвестный",
		"BANNED": "ЗАПРЕЩЁН",
		"AsPartOf": "как часть"
	},
	"ch": {
		"_translation credit - long120611": "https://hub.sp-tarkov.com/user/5970-long120611/",
		"Bought": "购买渠道",
		"lv": "等级",
		"ItemValue": "物品价值",
		"Traded": "交易需要",
		"Fleaprice": "跳蚤市场",
		"Valuation1": "",
		"Valuation2": " 报价",
		"Found": "任务需要",
		"Crafted": "制作要求",
		"peritem": "每个物品",
		"Need": "藏身处需要",
		"Part": "配方需要",
		"Tool": "工具",
		"Armorclass": "防弹等级",
		"Spawnchance": "刷新概率",
		"Effectivedurability": "有效耐久度",
		"Max": "最大",
		"Repairdegradation": "维修损耗",
		"Slotefficiency": "容器效率",
		"AmbientVolume": "环境音",
		"Compressor": "压缩器",
		"Gain": "人源声",
		"Treshold": "音量阈值",
		"Boost": "增强",
		"ResonanceFilter": "回响&过滤器",
		"Distortion": "失真",
		"COMMON": "普通",
		"RARE": "稀有",
		"EPIC": "史诗",
		"LEGENDARY": "传说",
		"UBER": "限定",
		"UNOBTAINIUM": "极致",
		"OVERPOWERED": "超越",
		"CUSTOM": "自定义",
		"UNKNOWN": "未知",
		"BANNED": "禁用",
		"AsPartOf": "作為一部分"
	},
	"cz": {
		"": "",
		"": ""
	},
	"es-mx": {
		"_translation credit - HyperNeonX": "https://hub.sp-tarkov.com/user/23099-hyperneonx/",
		"Bought": "Comprado",
		"lv": "nv.",
		"ItemValue": "Valor del ítem",
		"at": "@",
		"Traded": "Negociado",
		"Armorclass": "Clase de blindaje",
		"Effectivedurability": "Durabilidad efectiva",
		"Max": "Max.",
		"Repairdegradation": "Degradación con la reparación",
		"Slotefficiency": "Eficacia de las ranuras",
		"Fleaprice": "Precio en Tianguis",
		"Valuation1": "Precio con ",
		"Valuation2": "",
		"Found": "Encontrado",
		"Tool": "Herramienta",
		"Part": "Parte",
		"Need": "Necesita",
		"Crafted": "Elaborado",
		"Spawnchance": "Probabilidad de spawn",
		"peritem": "por artículo",
		"AmbientVolume": "Volumen ambiental",
		"Compressor": "Compresor",
		"Gain": "Ganancia",
		"Treshold": "Limite",
		"Boost": "Impluso",
		"ResonanceFilter": "Resonancia & Filtro",
		"Distortion": "Distorsión",
		"COMMON": "Comun",
		"RARE": "Raro",
		"EPIC": "Epico",
		"LEGENDARY": "Legendario",
		"UBER": "Uber",
		"UNOBTAINIUM": "Extraordinario",
		"OVERPOWERED": "Overpowered",
		"CUSTOM": "Personalizado",
		"UNKNOWN": "Desconocido",
		"BANNED": "PROHIBIDO",
		"AsPartOf": "como parte de"
	},
	"es": {
		"_translation credit - HyperNeonX": "https://hub.sp-tarkov.com/user/23099-hyperneonx/",
		"Bought": "Comprado",
		"lv": "nv.",
		"ItemValue": "Valor del ítem",
		"at": "@",
		"Traded": "Negociado",
		"Armorclass": "Clase de blindaje",
		"Effectivedurability": "Durabilidad efectiva",
		"Max": "Max.",
		"Repairdegradation": "Degradación con la reparación",
		"Slotefficiency": "Eficacia de las ranuras",
		"Fleaprice": "Precio en Mercadillo",
		"Valuation1": "Precio con ",
		"Valuation2": "",
		"Found": "Encontrado",
		"Tool": "Herramienta",
		"Part": "Parte",
		"Need": "Necesita",
		"Crafted": "Elaborado",
		"Spawnchance": "Probabilidad de spawn",
		"peritem": "por artículo",
		"AmbientVolume": "Volumen ambiental",
		"Compressor": "Compresor",
		"Gain": "Ganancia",
		"Treshold": "Limite",
		"Boost": "Impluso",
		"ResonanceFilter": "Resonancia & Filtro",
		"Distortion": "Distorsión",
		"COMMON": "Comun",
		"RARE": "Raro",
		"EPIC": "Epico",
		"LEGENDARY": "Legendario",
		"UBER": "Uber",
		"UNOBTAINIUM": "Extraordinario",
		"OVERPOWERED": "Overpowered",
		"CUSTOM": "Personalizado",
		"UNKNOWN": "Desconocido",
		"BANNED": "PROHIBIDO",
		"AsPartOf": "como parte de"
	},
	"fr": {
		"_translation credit - Sk1zo.G4m3r": "https://hub.sp-tarkov.com/user/29556-sk1zo-g4m3r/",
		"Bought": "Acheté",
		"lv": "lv.",
		"ItemValue": "Valeur de l'objet",
		"at": "Chez",
		"Traded": "Négocié",
		"Armorclass": "Classe d'armure",
		"Effectivedurability": "Durabilité effective",
		"Max": "Max.",
		"Repairdegradation": "Réparer la dégradation",
		"Slotefficiency": "Emplacement",
		"Fleaprice": "Prix du marché",
		"Valuation1": "Prix avec ",
		"Valuation2": "'s ",
		"Found": "Trouvé",
		"Tool": "Outil",
		"Part": "Partie",
		"Need": "Besoin",
		"Crafted": "Fabriqué",
		"Spawnchance": "Chance d'apparition",
		"peritem": "Par objet",
		"AmbientVolume": "Volume ambient",
		"Compressor": "Compresseur",
		"Gain": "Gain",
		"Treshold": "Seuil",
		"Boost": "Amélioration",
		"ResonanceFilter": "Résonance et filtre",
		"Distortion": "Distortion",
		"COMMON": "Commun",
		"RARE": "Rare",
		"EPIC": "Épique",
		"LEGENDARY": "Légendaire",
		"UBER": "Uber",
		"UNOBTAINIUM": "Extraordinaire",
		"OVERPOWERED": "Maîtrise.",
		"CUSTOM": "Personnalisé",
		"UNKNOWN": "Inconnue",
		"BANNED": "INTERDIT",
		"AsPartOf": "dans le cadre de"
	},
	"ge": {
		"_translation credit - Cold": "https://hub.sp-tarkov.com/user/30341-coldweather/",
		"Bought": "Kaufen",
		"lv": "lv.",
		"ItemValue": "Gegenstandswert",
		"at": "bei",
		"Traded": "Handeln",
		"Armorclass": "Rüstungsklasse",
		"Effectivedurability": "Tatsächliche Haltbarkeit ",
		"Max": "Max.",
		"Repairdegradation": "Reparaturabwertung",
		"Slotefficiency": "Slot Effizienz",
		"Fleaprice": "Flohmarkt preis",
		"Valuation1": "",
		"Valuation2": " kauft für",
		"Found": "Gefunden",
		"Tool": "Werkzeug",
		"Part": "Einzelteil",
		"Need": "Benötigt",
		"Crafted": "Craftbar",
		"Spawnchance": "Spawn Chance",
		"peritem": "pro Item",
		"AmbientVolume": "Hintergrund Lautstärke",
		"Compressor": "Kompressor",
		"Gain": "Ausgangslautstärke",
		"Treshold": "Schwelle",
		"Boost": "Boost",
		"ResonanceFilter": "Resonanz & Filter",
		"Distortion": "Verzerrung",
		"COMMON": "Häufig",
		"RARE": "Selten",
		"EPIC": "Episch",
		"LEGENDARY": "Legendär",
		"UBER": "Über",
		"UNOBTAINIUM": "Außergewöhnlich",
		"OVERPOWERED": "Übermächtig",
		"CUSTOM": "Benutzerdefiniert",
		"UNKNOWN": "Unbekannt",
		"BANNED": "GEBANNT",
		"AsPartOf": "Als Teil von"
	},
	"hu": {
		"": "",
		"": ""
	},
	"it": {
		"": "",
		"": ""
	},
	"jp": {
		"_translation credit - Midori ": "https://hub.sp-tarkov.com/user/30741-midori/",
		"Bought": "購入",
		"lv": "lv.",
		"at": "@",
		"Traded": "交換",
		"Armorclass": "アーマークラス",
		"Effectivedurability": "有効耐久値",
		"Max": "Max.",
		"Repairdegradation": "修理減少値",
		"Slotefficiency": "圧縮率",
		"Fleaprice": "フリマ価格",
		"Valuation1": "",
		"Valuation2": "の店売り価格",
		"Found": "レイド品",
		"Tool": "ツールとして使用",
		"Part": "素材として使用",
		"Need": "建設用",
		"Crafted": "クラフト",
		"Spawnchance": "湧き率",
		"peritem": "個あたり",
		"AmbientVolume": "環境音",
		"Compressor": "音圧縮",
		"Gain": "ゲイン",
		"Treshold": "圧縮対象",
		"Boost": "ブースト",
		"ResonanceFilter": "レゾ＆フィルター",
		"Distortion": "歪み",
		"COMMON": "コモン",
		"RARE": "レア",
		"EPIC": "エピック",
		"LEGENDARY": "レジェンダリー",
		"UBER": "超貴重",
		"UNOBTAINIUM": "貴重",
		"OVERPOWERED": "最強",
		"CUSTOM": "カスタム",
		"UNKNOWN": "不明",
		"BANNED": "フリマ不可",
		"AsPartOf": "パーツ"
	},
	"kr": {
		"_translation credit - hmh5027": "https://hub.sp-tarkov.com/user/29456-hmh5027/",
		"Bought": "구입",
		"ItemValue": "항목 값",
		"lv": "레벨.",
		"at": "에",
		"Traded": "거래",
		"Armorclass": "아머 등급",
		"Effectivedurability": "유효 내구성",
		"Max": "최대.",
		"Repairdegradation": "수리 성능 저하",
		"Slotefficiency": "슬롯 효율",
		"Fleaprice": "플리마켓",
		"Valuation1": "",
		"Valuation2": "'의 평가",
		"Found": "발견",
		"Tool": "도구",
		"Part": "부품",
		"Need": "필요",
		"Crafted": "제작",
		"Spawnchance": "생성 확률",
		"peritem": "항목 당",
		"AmbientVolume": "주변 볼륨",
		"Compressor": "압축기",
		"Gain": "이득",
		"Treshold": "임계값",
		"Boost": "가속",
		"ResonanceFilter": "공명 및 필터",
		"Distortion": "변형",
		"COMMON": "공통",
		"RARE": "희귀",
		"EPIC": "에픽",
		"LEGENDARY": "전설",
		"UBER": "최고",
		"UNOBTAINIUM": "특별함",
		"OVERPOWERED": "압도적",
		"CUSTOM": "사용자 정의",
		"UNKNOWN": "알 수 없음",
		"BANNED": "금지됨",
		"AsPartOf": "의 일부로"
	},
	"pl": {
		"": "",
		"": ""
	},
	"po": {
		"": "",
		"": ""
	},
	"sk": {
		"": "",
		"": ""
	},
	"tu": {
		"": "",
		"": ""
	}
}
